Label_Encoded,score_isolation_forest,pred_isolation_forest,score_lof,pred_lof,score_oneclass_svm,pred_oneclass_svm,score_ensemble,pred_ensemble
1,0.16253663882221658,1,52.62720489501953,1,266.86814644169084,1,0.6805326620608234,1
1,0.16206294150340783,1,7.919053077697754,1,266.86814644169135,1,0.677991107219091,1
1,0.1173723879293248,1,945.280029296875,1,266.8681464416915,1,0.667852165954792,1
1,0.14658900188008828,1,3.637967586517334,1,266.59923022269254,1,0.6595912381585775,1
1,0.14413433719080926,1,10.227869987487793,1,266.8665054541329,1,0.6572742949546174,1
1,0.1403071816364917,1,10.282742500305176,1,266.86646016565146,1,0.6528327143982832,1
1,0.13787490690999882,1,10.285648345947266,1,266.86647001124567,1,0.6500085644220063,1
1,0.13783755922372898,1,10.21469783782959,1,266.8664742186288,1,0.6499620406568145,1
1,0.13580824003767977,1,28.365798950195312,1,266.8681444915383,1,0.6484156867479428,1
1,0.13559047655318113,1,10.23553466796875,1,266.86653570095626,1,0.6473537754884312,1
1,0.11358009733638552,1,563.9706420898438,1,266.8681464416915,1,0.6464633556152485,1
1,0.12813190225396975,1,171.1979522705078,1,266.8681464416915,1,0.6458645580428892,1
1,0.13850645700588482,1,18.6954288482666,1,260.26689092119227,1,0.6451953933074428,1
1,0.1335432627106038,1,10.279473304748535,1,266.8664637792795,1,0.644978501693043,1
1,0.1334392230002761,1,10.311604499816895,1,266.866562928434,1,0.6448592139703925,1
1,0.13334896078815717,1,6.240013122558594,1,265.972669342034,1,0.6437710379314585,1
1,0.13203487733195785,1,10.230881690979004,1,266.86651993137355,1,0.6432248933637462,1
1,0.12859770267094683,1,77.97551727294922,1,266.8681464416915,1,0.6422528673115272,1
1,0.1308819448087386,1,21.39879608154297,1,266.5919592369358,1,0.6421372773071403,1
1,0.1310487362988334,1,10.279546737670898,1,266.86646662408305,1,0.6420819343799266,1
1,0.13026899864398966,1,28.383359909057617,1,266.8681446484902,1,0.6419844595404617,1
1,0.1328570346354664,1,2.1399080753326416,1,264.0507688346316,1,0.6412928666503154,1
1,0.13010333178306688,1,10.28704833984375,1,266.86647466544446,1,0.6409844989104293,1
1,0.12997536291595013,1,10.214296340942383,1,266.86647280312366,1,0.6408326627143116,1
1,0.1297693391919279,1,10.293159484863281,1,266.86651281998627,1,0.6405969826620267,1
1,0.12884025860008896,1,28.356050491333008,1,266.86814448975554,1,0.6403242305961688,1
1,0.1303530456745451,1,6.253420352935791,1,265.9917569440889,1,0.6403099890451126,1
1,0.13013763353371888,1,6.251091480255127,1,265.9876719196518,1,0.6400560897833606,1
1,0.12908777632715907,1,10.295907974243164,1,266.86652051837007,1,0.6398057005815493,1
1,0.128116705253411,1,10.281865119934082,1,266.86647218825095,1,0.6386774515672172,1
1,0.12809027461488154,1,10.282646179199219,1,266.8664729022226,1,0.638646796493942,1
1,0.1273002002191178,1,28.358768463134766,1,266.86814452758415,1,0.6385360797015132,1
1,0.1277131065410202,1,10.306161880493164,1,266.8665549128398,1,0.6382099607308879,1
1,0.12632462578280146,1,43.11756896972656,1,266.86797639917404,1,0.6380605458291907,1
1,0.12742584728454276,1,10.209820747375488,1,266.8664566231934,1,0.6378720237790678,1
1,0.12671751863747327,1,28.356740951538086,1,266.86814448024484,1,0.6378593960603283,1
1,0.1267492517170845,1,10.30734920501709,1,266.86655792659417,1,0.6370908155098625,1
1,0.12669068715549936,1,10.234886169433594,1,266.86654376407023,1,0.6370195714558711,1
1,0.12587338185210428,1,28.383670806884766,1,266.8681446591556,1,0.6368804081712279,1
1,0.12644368331486078,1,10.222662925720215,1,266.8665012258374,1,0.63673217497395,1
1,0.12579362412523276,1,10.277544975280762,1,266.8664593100616,1,0.6359797518251047,1
1,0.12493422735436344,1,28.358516693115234,1,266.86814450113803,1,0.6357887680495797,1
1,0.12474131637517683,1,28.36217498779297,1,266.8681445000537,1,0.6355649282626952,1
1,0.12483996374068274,1,10.289874076843262,1,266.86648651354426,1,0.6348729621072136,1
1,0.12409075855065022,1,10.224352836608887,1,266.8665076957785,1,0.6340001067254609,1
1,0.12508390820815674,1,22.878999710083008,1,264.8888079441587,1,0.6339426356649879,1
1,0.12403339918812839,1,10.302910804748535,1,266.86654537902564,1,0.6339370358147469,1
1,0.12395598445436729,1,10.283863067626953,1,266.86647550353365,1,0.6338462328595249,1
1,0.12388019634071701,1,10.285364151000977,1,266.86648282469065,1,0.6337583032908374,1
1,0.12316191394134168,1,10.215301513671875,1,266.8664615577948,1,0.6329211141939287,1
1,0.12307618805973441,1,10.296072959899902,1,266.8665218818331,1,0.6328252237998139,1
1,0.1162571974102734,1,187.07603454589844,1,266.8681464416915,1,0.6327832727717714,1
1,0.12303730683959968,1,10.226428031921387,1,266.86651426454705,1,0.6327769668863205,1
1,0.12291760955284237,1,10.283394813537598,1,266.86647721313835,1,0.6326404821260873,1
1,0.12221215291053145,1,28.37525177001953,1,266.8681445883154,1,0.6326287181457664,1
1,0.12288583645762408,1,10.290948867797852,1,266.86648965535073,1,0.6326039357675542,1
1,0.12268425388908433,1,10.289092063903809,1,266.8664971406992,1,0.6323697878261118,1
1,0.127645549403415,1,1.4232556819915771,1,260.2131791529846,1,0.6317664425302718,1
1,0.12212800583060257,1,10.297819137573242,1,266.8665268205443,1,0.6317243037712261,1
1,0.12202286933797224,1,10.285422325134277,1,266.8664859740198,1,0.6316016334059879,1
1,0.12188286296245798,1,10.288919448852539,1,266.86649545674993,1,0.6314392262700598,1
1,0.12167271585502182,1,10.228407859802246,1,266.86652048986616,1,0.6311925364138724,1
1,0.12190045104405722,1,4.012979507446289,1,266.8218805172791,1,0.6311400608458926,1
1,0.12159838255024424,1,10.295109748840332,1,266.8665180407741,1,0.6311091917120445,1
1,0.12129815580616965,1,10.296528816223145,1,266.86652321006096,1,0.6307606448036808,1
1,0.12117488517315345,1,10.315574645996094,1,266.8665858515867,1,0.6306184110423155,1
1,0.12044240640101078,1,28.35873031616211,1,266.86814448631804,1,0.6305730027877124,1
1,0.12074656004766826,1,10.281189918518066,1,266.86646951457743,1,0.6301194160518234,1
1,0.12540011805366869,1,19.32559585571289,1,260.282767970425,1,0.6300190006324773,1
1,0.10941319043587572,1,303.1300964355469,1,266.8681464416915,1,0.630005799270794,1
1,0.11953388505349993,1,28.379201889038086,1,266.8681446315413,1,0.6295189656634063,1
1,0.12264881122990323,1,19.995620727539062,1,263.04285532226,1,0.6293304485556862,1
1,0.1191113555178197,1,28.367107391357422,1,266.8681445498744,1,0.6290277975623861,1
1,0.11903659899427788,1,28.37102699279785,1,266.86814464160517,1,0.6289411670927314,1
1,0.11895084893504615,1,28.379440307617188,1,266.8681446077073,1,0.6288419713004173,1
1,0.11951916907120141,1,10.277073860168457,1,266.8664588186621,1,0.6286940116063904,1
1,0.11879299216566597,1,28.362497329711914,1,266.868144508969,1,0.628657917700162,1
1,0.11934728024410834,1,10.312942504882812,1,266.86657722099295,1,0.6284961231761078,1
1,0.11828332717940615,1,10.277643203735352,1,266.8664545688895,1,0.62725900869164,1
1,0.11756543457266055,1,28.360334396362305,1,266.86814453200043,1,0.6272324164027027,1
1,0.11807918646497861,1,10.28309154510498,1,266.86647604770076,1,0.6270222282642897,1
1,0.11801905008377556,1,9.942126274108887,1,266.8664988041233,1,0.626937231831436,1
1,0.1187078239827335,1,6.486746788024902,1,265.9790810911859,1,0.6267869094751705,1
1,0.11625994658667604,1,42.63420867919922,1,266.8680048076542,1,0.6263522208910425,1
1,0.11721343016498664,1,10.305967330932617,1,266.8665540590763,1,0.6260180256533049,1
1,0.1170123488351883,1,10.211374282836914,1,266.86646339155516,1,0.6257802407659008,1
1,0.11357957988399847,1,98.3685073852539,1,266.8681464416915,1,0.6257226497013914,1
1,0.11685271268552833,1,10.300930976867676,1,266.8665381155721,1,0.6255989321259867,1
1,0.11669831634586791,1,10.303542137145996,1,266.86654622300364,1,0.6254197750739919,1
1,0.12988658243503093,1,3.314694881439209,1,250.11115961526772,1,0.6253894218816168,1
1,0.11575858704706488,1,30.150554656982422,1,266.7900885313486,1,0.6251440696677135,1
1,0.11620635440608929,1,10.280678749084473,1,266.86646557156325,1,0.6248474320558026,1
1,0.11484223444072261,1,28.38453483581543,1,266.86814464331246,1,0.6240713919458213,1
1,0.11534659798825264,1,10.222647666931152,1,266.8665036833829,1,0.6238465565678655,1
1,0.11524995471503763,1,10.313361167907715,1,266.8665789312667,1,0.6237384454644764,1
1,0.11485837145590805,1,10.224411964416504,1,266.8665078231632,1,0.6232797241057101,1
1,0.12191027396802678,1,1.1703932285308838,1,256.96563874777945,1,0.6221818577343896,1
1,0.11351007273674607,1,10.217729568481445,1,266.86647129918225,1,0.6217137875379397,1
1,0.1176471209632598,1,1.314918041229248,1,261.4426293975551,1,0.621254784505363,1
1,0.11344320892215765,1,22.254425048828125,1,265.0433730862855,1,0.6205366405015067,1
1,0.11323519845551333,1,10.052363395690918,1,265.2900786317706,1,0.6199729109366192,1
1,0.11941509502990377,1,4.323789119720459,1,257.46992960677983,1,0.6198774420289647,1
1,0.113120944912389,1,10.050148010253906,1,265.3049544828912,1,0.6198534908512735,1
1,0.1274035509961009,1,15.972648620605469,1,246.42609424524963,1,0.6197638127729275,1
1,0.11308531036367186,1,9.95142936706543,1,265.1760960999741,1,0.6196921043255789,1
1,0.11236759776966976,1,9.962272644042969,1,266.089493357446,1,0.6196786968375917,1
1,0.11209630594103392,1,23.073999404907227,1,265.45936648077395,1,0.6193823906281563,1
1,0.11779992506076387,1,17.892183303833008,1,256.96630050892253,1,0.6181544982306161,1
0,0.11050796506265093,1,6.534214973449707,1,266.8599494233835,1,0.6180578930337721,1
1,0.12194329210831556,1,2.5707292556762695,1,251.69120896391192,1,0.6175503742814782,1
0,0.1100396387603495,1,6.189883708953857,1,266.83410109969486,1,0.617475556688082,1
1,0.11733113273040596,1,1.1458990573883057,1,257.3775385126826,1,0.617233153141746,1
1,0.11079563181158325,1,10.049029350280762,1,265.30113900448157,1,0.6171499303350019,1
1,0.10273594976687617,1,187.10459899902344,1,266.8681464416915,1,0.6170840568850843,1
1,0.11030039823189808,1,10.049240112304688,1,265.30538704515715,1,0.6165786999006152,1
1,0.10992182593109401,1,10.048553466796875,1,265.3038102668423,1,0.6161376672431405,1
1,0.11611155486380842,1,1.1913118362426758,1,257.6520694994535,1,0.6160653451815817,1
1,0.11491263766175808,1,1.252392292022705,1,259.12711241014375,1,0.6159993209829412,1
1,0.10878833217400874,1,10.212291717529297,1,265.45680051566603,1,0.6149660425325331,1
1,0.10875432849506672,1,10.111042022705078,1,265.3795043236833,1,0.6148526984063695,1
1,0.11747654524018247,1,2.5055313110351562,1,254.1691167784313,1,0.6145839811934103,1
1,0.10746590537167611,1,8.13902473449707,1,266.15990619047864,1,0.6139689491423591,1
1,0.11307123424362986,1,1.2521355152130127,1,259.1071841466891,1,0.6138432446856313,1
1,0.10887060520621206,1,1.3690910339355469,1,264.2016524267495,1,0.6135415433036209,1
1,0.10739643912185415,1,6.348585605621338,1,265.54681559639914,1,0.6132584695178883,1
1,0.11397955490126199,1,1.3264274597167969,1,256.86445230543103,1,0.6128890986275476,1
1,0.11212913108629441,1,1.2066802978515625,1,258.0957788706791,1,0.6118398470766871,1
1,0.11108064505447734,1,1.251908540725708,1,259.11186669723594,1,0.6115360201805141,1
1,0.12310442063688887,1,3.636981964111328,1,243.32090071463597,1,0.6114363271133443,1
1,0.10566994024098175,1,10.065267562866211,1,265.3254333348293,1,0.6112206431522358,1
1,0.11029025975694018,1,1.2517199516296387,1,259.09684914799107,1,0.6106047651524492,1
1,0.1100811455816113,1,1.2574617862701416,1,259.23194705208937,1,0.6104834128732183,1
1,0.10641584522037573,1,104.00090026855469,1,258.85771939354436,1,0.610468289643618,1
0,0.10387443900621318,1,5.570329189300537,1,266.75483987626484,1,0.6102179912724205,1
1,0.1046792986887235,1,10.231616973876953,1,265.474155911802,1,0.6102111817322757,1
1,0.10448445052379718,1,10.222966194152832,1,265.4686627480337,1,0.609979615789286,1
1,0.11300941326188108,1,1.2535731792449951,1,254.5989538824843,1,0.6097267548805113,1
1,0.113723491255727,1,1.221726894378662,1,253.64203920284254,1,0.6096959627162891,1
1,0.10433753573442839,1,10.054926872253418,1,265.31104766451904,1,0.6096601255285864,1
1,0.10422181403971387,1,10.142252922058105,1,265.4144957184411,1,0.6096224559466982,1
1,0.10357958170336645,1,10.279387474060059,1,266.0895523514071,1,0.6094884811846347,1
1,0.10928494193250016,1,1.2454726696014404,1,259.13588529601185,1,0.6094721634991801,1
1,0.10949840993844229,1,1.2378501892089844,1,258.6771877631542,1,0.6093081550478612,1
1,0.11232395233983372,1,1.2772879600524902,1,254.98319245509992,1,0.6092766110760581,1
1,0.11013321753340843,1,1.1919119358062744,1,257.8028672491385,1,0.6092587918366096,1
1,0.10379793618329725,1,10.21581745147705,1,265.45920173373395,1,0.609173648029528,1
1,0.10390010331892696,1,10.002427101135254,1,265.23685891459905,1,0.609083290962266,1
1,0.10535025341310145,1,4.986997604370117,1,263.5624216915437,1,0.6090414537759924,1
1,0.10889434408457777,1,1.2530896663665771,1,259.13002145205826,1,0.6090136906606362,1
1,0.10362276376582635,1,10.042025566101074,1,265.2927350625195,1,0.6088131479535982,1
1,0.110596575972144,1,1.2940332889556885,1,256.582685446392,1,0.6087066364216183,1
1,0.10973212951918165,1,1.1838772296905518,1,257.60132742701575,1,0.6086118810832996,1
1,0.10848154136889032,1,1.2537627220153809,1,259.1375844264092,1,0.6085411713416783,1
0,0.10256811342124927,1,4.934349060058594,1,266.4627232147193,1,0.6084107075187576,1
1,0.103132002638739,1,10.09738826751709,1,265.36288065772055,1,0.608308690595309,1
1,0.10802020835202508,1,1.2520310878753662,1,259.2893100149725,1,0.608141535114968,1
1,0.10300952100185723,1,10.042609214782715,1,265.2923828611015,1,0.6081007778983963,1
1,0.10288697429250415,1,10.083879470825195,1,265.34674932219644,1,0.6080090959217579,1
1,0.10910156899349277,1,1.187251091003418,1,257.63887528576646,1,0.6079135302317212,1
1,0.10263901506021988,1,10.042009353637695,1,265.29589953769204,1,0.6076736853642645,1
1,0.1024784600484977,1,10.232207298278809,1,265.47612757015196,1,0.6076574257460367,1
1,0.10797070465387482,1,1.2289669513702393,1,258.8027110270986,1,0.6076464504627975,1
1,0.10753474175581279,1,1.258735179901123,1,259.25713460146324,1,0.60754925606648,1
1,0.10842862985910207,1,1.1898224353790283,1,257.75243965707705,1,0.6072341365571239,1
0,0.10169311505525724,1,4.376351833343506,1,266.2658561395251,1,0.6071932000009642,1
1,0.10792872354773042,1,1.2116589546203613,1,258.26339708970164,1,0.6071130615600593,1
1,0.10791808570729267,1,1.2141597270965576,1,258.26168769773403,1,0.6070992869376385,1
1,0.1078327409891866,1,1.2137541770935059,1,258.29601170519163,1,0.6070309643971038,1
1,0.10850854833831236,1,16.535526275634766,1,256.625895371112,1,0.6069997735625129,1
1,0.10267605125169543,1,2.342022657394409,1,264.80682312585833,1,0.6069348994610101,1
1,0.10184827173420619,1,10.044690132141113,1,265.29759222137693,1,0.6067571347837818,1
1,0.10854012098730892,1,1.1708495616912842,1,257.03609896102694,1,0.6067200532730498,1
1,0.10170822768587862,1,10.055326461791992,1,265.3098273386698,1,0.6066059707153482,1
1,0.10169112677462622,1,10.039166450500488,1,265.293257256814,1,0.6065705271588092,1
1,0.10752654470285583,1,1.2149841785430908,1,258.118287437314,1,0.6065160191489433,1
1,0.10759167414923032,1,1.2018496990203857,1,258.01756601687936,1,0.6065006936179601,1
1,0.10751060358418185,1,1.2059638500213623,1,258.09720426864254,1,0.6064781912191973,1
1,0.10660071947765037,1,1.2512421607971191,1,259.25094860023626,1,0.6064588121225546,1
0,0.10049149408434477,1,5.991747856140137,1,266.8152416728485,1,0.6063627760798753,1
1,0.10671481648702286,1,1.228623628616333,1,258.7337984016126,1,0.6061263053653555,1
1,0.10717480861070838,1,1.2063655853271484,1,258.0971397751443,1,0.6060882356762877,1
1,0.10631452031372135,1,1.2486045360565186,1,259.20579833694495,1,0.6060858596345362,1
1,0.0992697687537013,1,45.4105224609375,1,266.00228211262424,1,0.6059706560646064,1
1,0.12160593751915538,1,1.002366304397583,1,239.20419388284202,1,0.6058854774077538,1
1,0.10723551538452114,1,1.195390224456787,1,257.7646193146375,1,0.6058599015193155,1
1,0.10635378882497326,1,1.2299199104309082,1,258.8262285787398,1,0.6057900760976733,1
1,0.1269014706714211,1,2.655087947845459,1,232.13555829139867,1,0.605766163749834,1
1,0.10610137261982133,1,1.2433559894561768,1,259.07030221945337,1,0.6057165581360441,1
1,0.10596712125307539,1,1.255904197692871,1,259.1811097104862,1,0.6056606443320526,1
1,0.10677884257896364,1,1.204066276550293,1,258.0273258078763,1,0.6055657119002835,1
1,0.10063816827418581,1,10.242100715637207,1,265.4881002997383,1,0.6055317138592283,1
1,0.10693772951731573,1,1.3718068599700928,1,257.7587153840827,1,0.605516682476488,1
1,0.10692942313576814,1,1.1880502700805664,1,257.7335699468083,1,0.6054762915591637,1
1,0.10639990802222188,1,1.2246222496032715,1,258.38889853717325,1,0.6054510213682592,1
1,0.1006503505364148,1,10.060073852539062,1,265.3178634360323,1,0.6053850152812277,1
1,0.10625970565022524,1,1.2071561813354492,1,258.1665429676066,1,0.6050879476683488,1
1,0.09997255691194362,1,3.9449024200439453,1,266.02204219874034,1,0.6049573689768951,1
1,0.10602627267749554,1,1.2060840129852295,1,258.0680812459558,1,0.6047285046521863,1
1,0.10878189433277896,1,1.2249245643615723,1,254.49141201558777,1,0.6047201177649358,1
1,0.1051800297975205,1,1.2461745738983154,1,259.12585604680817,1,0.6046966893101766,1
1,0.10503617292793321,1,1.2528245449066162,1,259.280666796082,1,0.6046688387100181,1
1,0.1005936899382458,1,14.104021072387695,1,264.1794217763306,1,0.6044779529606511,1
1,0.09957884305640408,1,10.277559280395508,1,265.52641566737975,1,0.6043376114490153,1
1,0.10511148810525783,1,1.2287890911102295,1,258.75542594825913,1,0.6042839775725425,1
1,0.10465891125922955,1,1.2466299533843994,1,259.2588344551532,1,0.604210909348624,1
1,0.10547764072804033,1,1.2107822895050049,1,258.1761718632061,1,0.6041886366557637,1
1,0.09763669915041095,1,45.96477508544922,1,266.0235238014861,1,0.6041181290643638,1
1,0.1044282442733917,1,1.252610683441162,1,259.30600852352103,1,0.603985656229561,1
1,0.10566473823311473,1,1.190077543258667,1,257.693200572647,1,0.6039716464491183,1
1,0.105342487801378,1,1.212453842163086,1,258.0357797200447,1,0.6039058160190697,1
1,0.10513242249601629,1,1.21274733543396,1,258.2640734970867,1,0.6038667316447545,1
1,0.09916377365818041,1,10.055524826049805,1,265.3098612129871,1,0.6036514622789316,1
1,0.09923774807439834,1,9.98958683013916,1,265.2138863208837,1,0.6036483137281964,1
1,0.10496111564304433,1,1.2120916843414307,1,258.21087726976106,1,0.6036200583156653,1
1,0.10504952593644556,1,1.2044994831085205,1,258.0777980492586,1,0.6036029814116032,1
1,0.10493648690896396,1,1.2195799350738525,1,258.1948242443716,1,0.6035773909712615,1
1,0.09834640378131942,1,10.364315032958984,1,266.2685373600268,1,0.6035762316109144,1
1,0.10413038778741768,1,1.2486484050750732,1,259.22641092297187,1,0.6035682025488688,1
1,0.10406790056421333,1,1.2501740455627441,1,259.265388489923,1,0.60353068266372,1
1,0.12191203054475963,1,1.4777777194976807,1,236.1576296294205,1,0.6035287137470318,1
1,0.10441735837035027,1,1.2281253337860107,1,258.72524516577863,1,0.60345086619849,1
1,0.10491299528248954,1,1.2039048671722412,1,258.0731799457449,1,0.6034402760645562,1
1,0.09903500557266942,1,9.97424602508545,1,265.204554799931,1,0.6034038393394545,1
1,0.10414004576314917,1,1.236626386642456,1,258.9472704701878,1,0.603328437720089,1
1,0.10422416037527793,1,1.2299935817718506,1,258.763256202329,1,0.6032607167753713,1
1,0.09880678580422086,1,10.052018165588379,1,265.305490008512,1,0.603232860100882,1
1,0.10488219973334323,1,1.2054939270019531,1,257.88065369742367,1,0.6032318540282017,1
1,0.10482178690103117,1,1.3713548183441162,1,257.75399441179974,1,0.6030554543015542,1
1,0.0985578748274547,1,10.097620010375977,1,265.3625273636419,1,0.6029970367966143,1
1,0.10402357417649644,1,1.2269079685211182,1,258.7167636246889,1,0.6029859513525988,1
1,0.10389833968795559,1,1.225478172302246,1,258.6980176788805,1,0.6028236501360266,1
1,0.10452674581388599,1,1.1959316730499268,1,257.82438921593706,1,0.6027682047925494,1
1,0.10456326343657196,1,1.1887495517730713,1,257.67338405083075,1,0.6026748067643255,1
1,0.1034127633552202,1,1.246119499206543,1,259.15671110647486,1,0.6026722703730981,1
1,0.09839128899055427,1,9.988142013549805,1,265.21024600897414,1,0.6026620990748769,1
1,0.09829004351005632,1,10.069808959960938,1,265.3308060653477,1,0.6026563396094977,1
1,0.10413105639024967,1,1.203918695449829,1,258.12102346469135,1,0.602575236518407,1
1,0.10435256112592373,1,1.195035696029663,1,257.8312003082935,1,0.6025720174641026,1
1,0.10429083742492107,1,1.1992924213409424,1,257.882219814158,1,0.6025463098017866,1
1,0.09805034354113906,1,10.225211143493652,1,265.46951377126436,1,0.6025093772531496,1
1,0.09809749025893921,1,10.122350692749023,1,265.38966083349453,1,0.6024878970057598,1
1,0.09825412288613178,1,9.95997428894043,1,265.17687575096727,1,0.6024716312884822,1
1,0.10329983913120233,1,1.2348930835723877,1,258.890949751027,1,0.6023022057008033,1
1,0.10427006326966437,1,1.184964895248413,1,257.61335657820854,1,0.6022803260342074,1
1,0.10386157992014389,1,1.2139065265655518,1,258.0826928655918,1,0.6022283829238698,1
1,0.10281868839551167,1,1.263995885848999,1,259.4163938700007,1,0.6022162302256847,1
1,0.11115985880153578,1,14.30199146270752,1,247.95489933002565,1,0.6021993191756532,1
1,0.09748692055584585,1,9.906639099121094,1,265.84456611461184,1,0.6021774515143397,1
1,0.09666964491363028,1,9.984980583190918,1,266.85798646331426,1,0.6021411813150538,1
1,0.09704427693376749,1,18.59744644165039,1,265.9433557772258,1,0.6021392294432585,1
1,0.10287439976102986,1,1.2464203834533691,1,259.23364976790685,1,0.602116180388003,1
1,0.09764836736882532,1,10.253552436828613,1,265.50072247223267,1,0.6020718767483576,1
1,0.10363281772020616,1,1.2099859714508057,1,258.18320975110436,1,0.602052759535015,1
1,0.10310446859569955,1,1.2322452068328857,1,258.85764977252217,1,0.6020453524124764,1
1,0.10284735299869197,1,1.2396807670593262,1,259.08125006785525,1,0.6019477417425348,1
1,0.102830686327683,1,1.2510871887207031,1,259.0929071403337,1,0.6019393556600036,1
1,0.09097951019335015,1,153.42556762695312,1,266.8631461225951,1,0.6019281051027449,1
1,0.0977371774974165,1,9.940434455871582,1,265.16146077054725,1,0.6018566683379926,1
1,0.10251272304092052,1,1.3085577487945557,1,259.39366973875735,1,0.6018425489364004,1
1,0.10265327561330961,1,1.2525274753570557,1,259.10725412345505,1,0.6017462876055039,1
1,0.09747740974946062,1,10.097233772277832,1,265.35914392392147,1,0.6017393786558629,1
1,0.09895875264546439,1,4.9900336265563965,1,263.56602409834466,1,0.6016231921354278,1
1,0.09550282463958548,1,45.413692474365234,1,266.00563727857144,1,0.601599739124748,1
1,0.10325113002581632,1,1.2078185081481934,1,258.16335329250694,1,0.6015916429406517,1
1,0.10268310212454435,1,1.2325127124786377,1,258.8276005557916,1,0.6015291255073375,1
1,0.10259426102283387,1,1.238065481185913,1,258.94025318134743,1,0.6015272846506349,1
1,0.09711258886668994,1,10.260820388793945,1,265.5077528462352,1,0.6014563773634388,1
1,0.1022833685888177,1,1.2495334148406982,1,259.2398096557699,1,0.6014355570968066,1
1,0.1023540120906199,1,1.2540178298950195,1,259.146770824068,1,0.6014343119513317,1
1,0.09725862862190315,1,10.043037414550781,1,265.2943509541207,1,0.6014247900361588,1
1,0.1023648076860798,1,1.2515854835510254,1,259.09759973737954,1,0.6014026230075445,1
1,0.09713783684144894,1,10.118475914001465,1,265.3856641220211,1,0.6013698163085185,1
1,0.10031555824328964,1,1.4113705158233643,1,261.6956273628444,1,0.601361152077058,1
1,0.10224386808192276,1,1.2468583583831787,1,259.17951751870777,1,0.6013354771685944,1
1,0.10306416220514325,1,1.2051944732666016,1,258.0970724687147,1,0.6013149574040543,1
1,0.10227094824079042,1,1.2445216178894043,1,259.10205750829937,1,0.6012973209279883,1
1,0.10208287039740138,1,1.2540972232818604,1,259.3208543998439,1,0.6012756606643164,1
1,0.09502329869479775,1,49.73567199707031,1,266.01832717188364,1,0.6012468338223654,1
1,0.10203931537517763,1,1.2497148513793945,1,259.27698063691724,1,0.6011855272065826,1
1,0.09696692643400284,1,10.120623588562012,1,265.39046841456434,1,0.6011757660659681,1
1,0.09402132183442857,1,57.08840560913086,1,266.8667942946492,1,0.6011721339176582,1
1,0.10320706356892906,1,1.191788911819458,1,257.7375284902314,1,0.6011577116054471,1
1,0.10234658918515183,1,1.231978416442871,1,258.81963802934297,1,0.6011312084989027,1
1,0.10289919291870175,1,1.2065751552581787,1,258.0934462435496,1,0.6011202078246015,1
1,0.09595154245492743,1,15.359413146972656,1,266.3141214529757,1,0.6010587897546835,1
1,0.09588771252303463,1,3.628915786743164,1,266.8618320436406,1,0.6009535449319247,1
1,0.09677480107942438,1,10.064297676086426,1,265.3226690672772,1,0.6008893371997113,1
1,0.0967154022973864,1,10.104742050170898,1,265.3708824277456,1,0.600865423470721,1
1,0.10256834856375663,1,1.2030880451202393,1,258.00672163769246,1,0.6006580764094376,1
1,0.10284193388839269,1,1.1907975673675537,1,257.64485645456045,1,0.600650544204154,1
1,0.1028742715243588,1,1.1872813701629639,1,257.5904730607018,1,0.6006391445209216,1
1,0.1016883254826092,1,1.2508080005645752,1,259.0868376514795,1,0.6006074207687787,1
1,0.09650361743307312,1,10.045062065124512,1,265.2984639447382,1,0.6005518728615639,1
1,0.09645608735725542,1,9.981491088867188,1,265.2138252096988,1,0.6004179129499868,1
1,0.10219954078002447,1,1.2097461223602295,1,258.1438367352638,1,0.6003531430860477,1
1,0.10225115704050602,1,1.2030982971191406,1,258.0483241907464,1,0.6003270887599049,1
1,0.1013744431192467,1,1.2439899444580078,1,259.1085250682658,1,0.6002621036632149,1
1,0.09616782849260341,1,10.12926959991455,1,265.3969144008122,1,0.6002540447102681,1
1,0.10435793492083933,1,1.2573716640472412,1,255.15213173625918,1,0.6001773827573097,1
1,0.10102984664143921,1,1.2442123889923096,1,259.1152509637862,1,0.5998680123915571,1
1,0.10124508154542577,1,1.232466220855713,1,258.80931471023797,1,0.5998429288312606,1
1,0.10084622217690853,1,1.2511413097381592,1,259.2728865080613,1,0.5997965316132934,1
1,0.10091641639204563,1,1.2444851398468018,1,259.16794691468453,1,0.5997835911914827,1
1,0.10178851246051579,1,1.2014617919921875,1,258.0138521720224,1,0.5997588779518459,1
1,0.10093119843614673,1,1.251946210861206,1,259.0989454490021,1,0.5997391801482074,1
1,0.10119622704787967,1,1.226503610610962,1,258.72517409662623,1,0.599710444098799,1
1,0.1019685322105569,1,1.1916310787200928,1,257.70382291317475,1,0.5996893166488643,1
1,0.10152100333734015,1,1.209089994430542,1,258.2010689300463,1,0.5996165640083516,1
1,0.10089020764457068,1,1.2461740970611572,1,258.9928543635172,1,0.5995961411233405,1
1,0.09229762777066308,1,72.23407745361328,1,266.56703194177777,1,0.5995763429389463,1
1,0.09373721390096579,1,45.37904739379883,1,265.9960465016996,1,0.5995394140734936,1
1,0.09686824390453197,1,5.739333152770996,1,263.89562557629176,1,0.5995248474897547,1
1,0.10150854692465616,1,1.2058980464935303,1,258.0616942237488,1,0.5994769112725588,1
1,0.10176487153739489,1,1.189361572265625,1,257.63920004355987,1,0.5993947511499148,1
1,0.10047094629578068,1,1.250922679901123,1,259.2861071049978,1,0.5993726236676947,1
1,0.10164669426858586,1,1.1908538341522217,1,257.7375258903056,1,0.5993458111582067,1
1,0.10174866728920995,1,1.1873846054077148,1,257.60495755063727,1,0.5993451249244579,1
1,0.10125278577575636,1,1.212082862854004,1,258.20388010687043,1,0.5993077728975451,1
1,0.09421603266221978,1,22.236783981323242,1,266.2053594507681,1,0.5992523346154721,1
1,0.09400598772950408,1,17.524539947509766,1,266.6792407311541,1,0.5992236956353402,1
1,0.10042884396032081,1,1.2550137042999268,1,259.1705264174568,1,0.5992202192610084,1
1,0.0934083191048003,1,45.420562744140625,1,266.00615522492336,1,0.5991684295896429,1
1,0.09455530269402701,1,16.42025375366211,1,265.8870400995787,1,0.5991015947096873,1
1,0.09526471912168222,1,10.023370742797852,1,265.26768332709855,1,0.5990847168706442,1
1,0.10105987945828843,1,1.2046113014221191,1,258.1868175472664,1,0.5990681342773684,1
1,0.10101390262970189,1,1.2162177562713623,1,258.16013388347886,1,0.5989913238036797,1
1,0.10098888492050573,1,1.207935094833374,1,258.1668131207378,1,0.598967897591799,1
1,0.10137020001650965,1,1.1876804828643799,1,257.61667964623706,1,0.5989161896939086,1
1,0.10095881925175432,1,1.2081208229064941,1,258.13196043459845,1,0.5989017247522128,1
1,0.1012043850132418,1,1.1879184246063232,1,257.69730242336135,1,0.5987959951115212,1
1,0.10039140747796271,1,1.2285118103027344,1,258.73468020618304,1,0.5987845288038393,1
1,0.0930489995937187,1,45.921390533447266,1,266.0146029494352,1,0.5987810864819791,1
1,0.09999111781560388,1,1.2488083839416504,1,259.20964677332756,1,0.5987467663467124,1
1,0.10110796435281066,1,1.1931610107421875,1,257.7336116993473,1,0.5987168442724767,1
1,0.09992102475669995,1,1.244847297668457,1,259.19915353342003,1,0.5986557853347904,1
1,0.10026223442793325,1,1.2293736934661865,1,258.7439044152693,1,0.5986428510530223,1
1,0.0997600247522058,1,1.2546203136444092,1,259.3458972244416,1,0.5986009299913156,1
1,0.10068111345757835,1,1.2076120376586914,1,258.11584135592057,1,0.598564776033654,1
1,0.10020032852770411,1,1.2286419868469238,1,258.7363587530321,1,0.5985641651454839,1
1,0.10089450244774156,1,1.1975910663604736,1,257.8344498516357,1,0.5985596473658356,1
1,0.10092591651739569,1,1.1964797973632812,1,257.7905725041803,1,0.5985567083800686,1
1,0.09368974376346317,1,14.37287425994873,1,266.466449732198,1,0.598525176776941,1
1,0.09276400009495911,1,45.481483459472656,1,266.02225984675255,1,0.5984374273842749,1
1,0.10005947138023608,1,1.2309503555297852,1,258.7746400041036,1,0.5984350544668756,1
1,0.09978426911626426,1,1.2348370552062988,1,258.9643658875396,1,0.5982858919818551,1
1,0.09332737986177919,1,15.657127380371094,1,266.49911710691424,1,0.5981909258408438,1
1,0.10026668683716944,1,1.2111806869506836,1,258.22441784342703,1,0.5981811290514036,1
1,0.09321724419438304,1,17.36065101623535,1,266.51929945906545,1,0.5981570299150191,1
1,0.09250429787019476,1,45.478946685791016,1,266.01899230482445,1,0.5981328239181396,1
1,0.09418924618021607,1,10.311383247375488,1,265.56416717698386,1,0.598114742017832,1
1,0.10065372435543685,1,1.188469648361206,1,257.6069214019852,1,0.5980755186186449,1
1,0.09435603302780282,1,10.06117057800293,1,265.31670538426454,1,0.5980752426247495,1
1,0.09434339598659647,1,10.067445755004883,1,265.32701694638547,1,0.5980700998766509,1
1,0.09948777548052967,1,1.251032829284668,1,259.0898892281878,1,0.5980549525591846,1
1,0.09313054377940277,1,16.838510513305664,1,266.51710196668756,1,0.598031125686281,1
1,0.09955559775784184,1,1.2380106449127197,1,258.9638933675981,1,0.5980200827260926,1
1,0.09318742550386339,1,15.633474349975586,1,266.480816982201,1,0.5980109423925231,1
1,0.1002213049815216,1,1.2043840885162354,1,258.08404995281376,1,0.5980021925777935,1
1,0.09942600580838667,1,1.2419631481170654,1,259.07152347722086,1,0.5979663456759591,1
1,0.10015603331099954,1,1.2075130939483643,1,258.11024596034986,1,0.5979500433207413,1
1,0.10010228287911715,1,1.2089653015136719,1,258.1562796155307,1,0.5979289957768988,1
1,0.09231877365990704,1,45.468685150146484,1,266.0173838308618,1,0.5979154982661851,1
1,0.10008648580796042,1,1.209237813949585,1,258.148638590998,1,0.5979038093044565,1
1,0.09257830804631373,1,48.99730682373047,1,265.46176409711586,1,0.597875543429379,1
1,0.09379219858407328,1,3.2394814491271973,1,266.1616323828449,1,0.5978747297107216,1
1,0.09209052822407138,1,49.76172637939453,1,266.02596009708964,1,0.597849392965654,1
1,0.10005349387762619,1,1.203674554824829,1,258.07506907463545,1,0.5977992458759696,1
1,0.09916119226579834,1,1.2503955364227295,1,259.2204655527125,1,0.597792857669354,1
1,0.09931262152293785,1,1.241102695465088,1,258.9973665713592,1,0.5977681154118916,1
1,0.09407861414452601,1,10.035477638244629,1,265.2878848919737,1,0.5977261095727756,1
1,0.09998511463108584,1,1.206350326538086,1,258.04856578976757,1,0.5976961863723803,1
1,0.09993318041452781,1,1.2033236026763916,1,258.0681162834434,1,0.5976532876497752,1
1,0.09911161341934371,1,1.2522993087768555,1,259.11378839134017,1,0.5976396625340528,1
1,0.0989556477967134,1,1.2510871887207031,1,259.25053937828125,1,0.5975811982215092,1
1,0.09982866020397896,1,1.2065815925598145,1,258.0853282553882,1,0.5975475094030509,1
1,0.10008779202051976,1,1.1922674179077148,1,257.7310295501685,1,0.5975298926688136,1
1,0.09883823401575098,1,1.2527782917022705,1,259.3096539197706,1,0.5974979733758734,1
1,0.09895715722553511,1,1.2436113357543945,1,259.1439460778182,1,0.5974869827659218,1
1,0.09376514621821075,1,10.14538860321045,1,265.41741300775095,1,0.5974832276719645,1
1,0.0996016895192714,1,1.2113871574401855,1,258.25420198928043,1,0.5974356845082939,1
1,0.09921206558410056,1,1.2284126281738281,1,258.7209746021212,1,0.5974028094916811,1
1,0.09890985910380667,1,1.2465362548828125,1,259.110745995191,1,0.5974024048187109,1
1,0.09973877211100557,1,1.2038991451263428,1,258.0373896576736,1,0.5974000040675339,1
1,0.1000017832592095,1,1.1909911632537842,1,257.6900825167042,1,0.5973932273493484,1
1,0.09893931733920702,1,1.240403413772583,1,259.0618927804552,1,0.5973925067579829,1
1,0.09885604248369306,1,1.2460403442382812,1,259.1577083814172,1,0.5973820268950253,1
1,0.09997345211343156,1,1.1881508827209473,1,257.70447160558274,1,0.5973731133513511,1
1,0.09995069598017481,1,1.1925129890441895,1,257.7293309524088,1,0.5973691876078205,1
1,0.09363773432084632,1,10.12994384765625,1,265.40104868378944,1,0.59731991060123,1
1,0.09249769427637788,1,9.989413261413574,1,266.8580768235116,1,0.5972971093892928,1
1,0.09989757077420647,1,1.1930603981018066,1,257.69742172153667,1,0.597278895658492,1
1,0.09419648283670934,1,3.4752273559570312,1,264.939863429253,1,0.5972585073091944,1
1,0.0928290076980719,1,15.965911865234375,1,265.8955344839104,1,0.5970844526605766,1
1,0.09874817032166483,1,1.2349414825439453,1,258.86510534509716,1,0.5969937519492142,1
1,0.09232370652691635,1,16.009153366088867,1,266.4073708400901,1,0.5969588553513794,1
1,0.09838402028700055,1,1.2522814273834229,1,259.2958599755659,1,0.5969581552966275,1
1,0.0995847753147695,1,1.193845272064209,1,257.7267975767969,1,0.5969420773462842,1
1,0.09270072902637705,1,3.709106922149658,1,266.4817649519649,1,0.5969154874879089,1
1,0.09262882352638813,1,16.39858055114746,1,265.8796088977769,1,0.5968569892048764,1
1,0.09832331562712016,1,1.2520558834075928,1,259.2543522117048,1,0.5968504160983652,1
1,0.09911124132136329,1,1.2110767364501953,1,258.2309519764156,1,0.596845316345764,1
1,0.09926253009849728,1,1.198906421661377,1,258.0051256778519,1,0.5968178358508619,1
1,0.09186931739534776,1,19.981412887573242,1,266.60213400976,1,0.5967829155641086,1
1,0.09129727540222587,1,45.858665466308594,1,266.0004081693888,1,0.5967315045837295,1
1,0.09831628523156366,1,1.2435901165008545,1,259.10461823327654,1,0.5967075346744859,1
1,0.09855538557333698,1,1.2284376621246338,1,258.74775608388484,1,0.5966643207069197,1
1,0.09314512515628504,1,10.037962913513184,1,265.2913342253957,1,0.5966453741399664,1
1,0.0981171706868057,1,1.2513759136199951,1,259.291173476837,1,0.5966440520820717,1
1,0.09804259144043903,1,1.2543785572052002,1,259.3687317441378,1,0.5966271715511337,1
1,0.09921177712246754,1,1.195399522781372,1,257.8297474557828,1,0.5966013979716465,1
1,0.09212581258971098,1,13.31322193145752,1,266.3886558547772,1,0.5965921860732198,1
1,0.09897526231132714,1,1.2069692611694336,1,258.08780800188117,1,0.5965588101256272,1
1,0.09113438815878727,1,45.88957595825195,1,266.0090125156698,1,0.5965514612374833,1
1,0.09266781892329645,1,10.439760208129883,1,265.7738079882951,1,0.596541911495127,1
1,0.09933249543554035,1,1.1879732608795166,1,257.5945979269108,1,0.5965302664745715,1
1,0.09215626738283356,1,4.177334308624268,1,266.7278442556641,1,0.596524912681813,1
1,0.0938823061537527,1,3.3419365882873535,1,264.5151697354536,1,0.5965067231237927,1
1,0.09923403480540605,1,1.1837329864501953,1,257.6173562902616,1,0.5964361666361967,1
1,0.09294866506481059,1,10.034192085266113,1,265.2849241237856,1,0.5964113311760971,1
1,0.09356255285432724,1,13.78997802734375,1,264.2475611831323,1,0.5963607420076441,1
1,0.09801653270654453,1,1.2514498233795166,1,259.0984400571405,1,0.5963542776353425,1
1,0.09082487218040114,1,49.66489028930664,1,266.0018547530578,1,0.5963538083892228,1
1,0.09281485446598481,1,10.104771614074707,1,265.37175412721484,1,0.59633700164526,1
1,0.09899264409452979,1,1.1912775039672852,1,257.81474984425427,1,0.5963333075098837,1
1,0.09814317554176355,1,1.2337217330932617,1,258.9045302392225,1,0.5963265667635276,1
1,0.09780645621139494,1,1.2494444847106934,1,259.33303921538715,1,0.5963207350338745,1
1,0.09868645645820473,1,1.2081336975097656,1,258.18030470433246,1,0.5963064965820971,1
1,0.09868488957993837,1,1.208061695098877,1,258.17623230627436,1,0.5963010202183985,1
1,0.0954169423219845,1,15.599987030029297,1,261.6718219214571,1,0.5962836879956172,1
1,0.09820531510398256,1,1.2291367053985596,1,258.7643198986808,1,0.596272720970071,1
1,0.09784659159469711,1,1.25555419921875,1,259.18774286726494,1,0.5962372518586355,1
1,0.09799557363352784,1,1.238800287246704,1,258.9683387349397,1,0.5962126506158892,1
1,0.09206579493462252,1,3.404207229614258,1,266.52724060114843,1,0.5962054390113575,1
1,0.0980614682286256,1,1.2344181537628174,1,258.8596558355608,1,0.5961914604122126,1
1,0.09804511377789227,1,1.2323682308197021,1,258.86127989876553,1,0.5961738358799367,1
1,0.0950084048155787,1,1.7437119483947754,1,262.72882643988305,1,0.5961404232236702,1
1,0.09076497407102568,1,45.96653366088867,1,266.0217886641024,1,0.5961373988781395,1
1,0.1171392658016095,1,0.9370090961456299,1,234.10494838410116,1,0.5961209679376092,1
1,0.09772058757870905,1,1.2493536472320557,1,259.21365214475816,1,0.5961139090934536,1
1,0.09263430525882022,1,6.347111225128174,1,265.5430241066724,1,0.5961136320554926,1
1,0.09847781554769186,1,1.2128057479858398,1,258.2346988413137,1,0.5961132390420035,1
1,0.0920983411133054,1,9.536340713500977,1,266.0572371110516,1,0.59609469916843,1
1,0.09779170221188827,1,1.2413902282714844,1,259.0980793833928,1,0.596092439161218,1
1,0.09164305448493382,1,4.998282432556152,1,266.8404588470471,1,0.5960665907757912,1
1,0.09857819220933461,1,1.203892707824707,1,258.0466703703808,1,0.5960606980248379,1
1,0.09149775215287348,1,15.898384094238281,1,266.3868269585559,1,0.5959764145335119,1
1,0.09778737912010249,1,1.235520839691162,1,258.9369445833797,1,0.5959425882574697,1
1,0.09045273398960174,1,49.67022705078125,1,266.00531310111495,1,0.5959250326466565,1
1,0.094306178003427,1,7.243253707885742,1,263.11849666986683,1,0.5959196036515696,1
1,0.09240806263210977,1,10.11732292175293,1,265.3827703450733,1,0.5958750893429524,1
1,0.09835474637807617,1,1.202812910079956,1,258.04396285878914,1,0.5957987618097659,1
1,0.09865273921558493,1,1.1879899501800537,1,257.62374941953937,1,0.5957671082459703,1
1,0.09714292894160526,1,1.2708930969238281,1,259.56729239986754,1,0.5957613926295292,1
1,0.09744679595657546,1,1.2457363605499268,1,259.1561249840963,1,0.5957442157405849,1
1,0.09233819102381557,1,10.057380676269531,1,265.3141734516078,1,0.5957297414063395,1
1,0.09231832328717204,1,10.07325553894043,1,265.3328625821849,1,0.59572414652171,1
1,0.09026097721487869,1,49.725067138671875,1,266.0129855140937,1,0.5957116966307168,1
1,0.09809516420948172,1,1.2140002250671387,1,258.25495877045694,1,0.5956871455370384,1
1,0.09730093949398166,1,1.251906394958496,1,259.25806996121685,1,0.595666590897712,1
1,0.09233555540738148,1,9.985699653625488,1,265.217260629531,1,0.5956365381351233,1
1,0.09758292038407879,1,1.2343993186950684,1,258.85202889441814,1,0.5956289405577938,1
1,0.09722945927418103,1,1.2529776096343994,1,259.3073431986301,1,0.5956278455993984,1
1,0.09184539853502671,1,9.885388374328613,1,265.8278034455102,1,0.5956106905450785,1
1,0.0976028617333633,1,1.2311134338378906,1,258.78887533495174,1,0.5955952883549717,1
1,0.09760111009204298,1,1.230888843536377,1,258.7806642400996,1,0.5955858774277988,1
1,0.09848639325586428,1,1.18538498878479,1,257.6292971202433,1,0.5955788133889175,1
1,0.09807222937673288,1,1.2057068347930908,1,258.16388586841947,1,0.5955784345324829,1
1,0.09802981621916473,1,1.2103476524353027,1,258.1958465261324,1,0.5955580672987085,1
1,0.09724122591255191,1,1.25673508644104,1,259.2042544090698,1,0.5955491851445528,1
1,0.09061201383738793,1,25.795534133911133,1,266.4978977260777,1,0.5954884382376296,1
1,0.09750297373506878,1,1.2308547496795654,1,258.7913960044331,1,0.5954815512649078,1
1,0.09804236313612735,1,1.2152767181396484,1,258.0907165659937,1,0.5954785337378463,1
1,0.09790092924572025,1,1.2121868133544922,1,258.2474313224665,1,0.5954547710412929,1
1,0.09165678232804109,1,4.113141059875488,1,266.17157509125025,1,0.5954429825411228,1
1,0.09713998209359409,1,1.246751308441162,1,259.1955662391161,1,0.5954233839795854,1
1,0.09718123808529322,1,1.2465262413024902,1,259.1308878814114,1,0.595413250032769,1
1,0.0983205318083824,1,1.1877851486206055,1,257.6537417339641,1,0.5954082583323049,1
1,0.09199037556565204,1,10.109875679016113,1,265.37706919932,1,0.5953846362144642,1
1,0.09739874103514212,1,1.2261719703674316,1,258.74671252384724,1,0.595320220755693,1
1,0.09708842380134675,1,1.2417922019958496,1,259.1289622465849,1,0.5953035381760133,1
1,0.09791125429029413,1,1.204254388809204,1,258.0537627562828,1,0.5952926480537123,1
1,0.08990258094946746,1,49.683006286621094,1,266.00356041442456,1,0.5952852073228093,1
1,0.09725898119019516,1,1.2360608577728271,1,258.8821559374118,1,0.5952798954719193,1
1,0.09712291118157235,1,1.238997220993042,1,259.05696066870615,1,0.5952788598654034,1
1,0.09689660956287449,1,1.250659465789795,1,259.3267225870371,1,0.5952586338406406,1
1,0.09000140651911581,1,45.477439880371094,1,266.0204276774777,1,0.5952277583433077,1
1,0.09815492067700105,1,1.1898481845855713,1,257.66572174819663,1,0.5952267957216768,1
1,0.09782478249003135,1,1.2014727592468262,1,258.07290047641834,1,0.5952092858496133,1
1,0.09804455003870649,1,1.1904125213623047,1,257.7727272266091,1,0.5951946665696298,1
1,0.09703836816627831,1,1.2413244247436523,1,259.07173158042616,1,0.5951940469971152,1
1,0.09709067420429807,1,1.245542287826538,1,258.9779776308247,1,0.5951708554352705,1
1,0.09695287457254143,1,1.2423498630523682,1,259.13140099984,1,0.5951483551480062,1
1,0.09069388269023915,1,15.655052185058594,1,266.5005723404038,1,0.5951341970014413,1
1,0.09688040641407569,1,1.2486045360565186,1,259.18980752750826,1,0.5951168879363751,1
1,0.08571589772641242,1,139.48924255371094,1,266.76227885553186,1,0.5951048608559228,1
1,0.09209387486015719,1,13.785545349121094,1,264.7329586796237,1,0.5950906544375187,1
1,0.09756302624798685,1,1.214085340499878,1,258.2624131095017,1,0.5950759338671435,1
1,0.09684139436328243,1,1.2455253601074219,1,259.1842138950615,1,0.5950664325030847,1
1,0.09669528770552782,1,1.256302833557129,1,259.36219730707654,1,0.5950569438065427,1
1,0.09908044905329205,1,5.161468982696533,1,256.06378977286005,1,0.5950411595935723,1
